customer_id,first_name,last_name,email,country,signup_date,marketing_opt_in
10701,ELENA,ramirez,Elena.Ramirez10701@example.com,CL,2026-08-12,true
10702,Andres,Ortiz,ANDRES.ORTIZ10702@EXAMPLE.COM,MX,2026-08-10,true
10703,Pablo,Molina,Pablo.Molina10703@example.com,BR,2026-08-29,true
10704,Sofia,Diaz,Sofia.Diaz10704@example.com,PE,2026-08-23,true
10705,Valentina,Campos,  Valentina.Campos10705@example.com ,US,2026-08-30,true
10706,Pablo,Reyes,Pablo.Reyes10706@example.com,mx,2026-08-08,false
10707,Laura,Rojas,Laura.Rojas10707@example.com,CL,2026-08-22,false
10708,Marta,Silva,Marta.Silva10708@example.com,MX,2026-08-09,true
10709,Pablo,Flores,PABLO.FLORES10709@EXAMPLE.COM,AR,2026-08-30,true
10710,Felipe,Flores,FELIPE.FLORES10710@EXAMPLE.COM,US,2026-08-06,true
10711,Luis,Rivera,Luis.Rivera10711@example.com,BR,2026-08-22,true
10712,Pablo,Gonzalez,Pablo.Gonzalez10712@example.com,CL,2026-08-13,false
10713,Elena,Gonzalez,Elena.Gonzalez10713@example.com,ES,2026-08-17,true
10714,Paula,Flores,Paula.Flores10714@example.com,MX,2026-08-05,false
10715,GABRIEL,vega,Gabriel.Vega10715@example.com,ES,2026-08-22,false
10716,JAVIER,garcia,Javier.Garcia10716@example.com,cl,2026-08-21,true
10717,Laura,Ramirez,Laura.Ramirez10717@example.com,co,2026-08-22,false
10718,SOFIA,ortiz,Sofia.Ortiz10718@example.com,CL,2026-08-22,true
10719,Valentina,Medina,Valentina.Medina10719@example.com,CO,2026-08-15,false
10720,Sofia,Sanchez,Sofia.Sanchez10720@example.com,AR,2026-08-26,false
10721,LUCIA,reyes,Lucia.Reyes10721@example.com,AR,2026-08-10,true
10722,BRUNO,ortiz,BRUNO.ORTIZ10722@EXAMPLE.COM,ES,2026-08-14,false
10723,Isabella,Reyes,Isabella.Reyes10723@example.com,US,2026-08-27,true
10724,Felipe,Cruz,Felipe.Cruz10724@example.com,US,2026-08-15,true
10725,RICARDO,garcia,Ricardo.Garcia10725@example.com,US,2026-08-22,false
10726,Nicolas,Perez,Nicolas.Perez10726@example.com,MX,2026-08-03,false
10727,Pablo,Castro,Pablo.Castro10727@example.com,MX,2026-08-27,true
10728,Laura,Aguilar,Laura.Aguilar10728@example.com,br,2026-08-29,false
10729,PABLO,perez,Pablo.Perez10729@example.com,US,2026-08-10,true
10730,Hugo,Martinez,Hugo.Martinez10730@example.com,mx,2026-08-18,true
10731,Martina,Suarez,Martina.Suarez10731@example.com,CO,2026-08-18,false
10732,Marta,Gonzalez,Marta.Gonzalez10732@example.com,US,2026-08-30,true
10733,Camila,Gonzalez,Camila.Gonzalez10733@example.com,MX,2026-08-31,true
10734,FELIPE,medina,Felipe.Medina10734@example.com,MX,2026-08-27,true
10735,Ana,Cruz,Ana.Cruz10735@example.com,CL,2026-08-17,false
10736,Martina,Perez,MARTINA.PEREZ10736@EXAMPLE.COM,AR,2026-08-05,false
10737,JAVIER,gonzalez,Javier.Gonzalez10737@example.com,US,2026-08-01,false
10738,ELENA,reyes,ELENA.REYES10738@EXAMPLE.COM,US,2026-08-04,false
10739,Luis,Martinez,  LUIS.MARTINEZ10739@EXAMPLE.COM ,CL,2026-08-19,false
10740,Diego,Herrera,DIEGO.HERRERA10740@EXAMPLE.COM,CL,2026-08-12,true
10741,Bruno,Ortiz,Bruno.Ortiz10741@example.com,co,2026-08-25,true
10742,Camila,Medina,Camila.Medina10742@example.com,US,2026-08-04,false
10743,Hugo,Ortiz,Hugo.Ortiz10743@example.com,CO,2026-08-04,true
10744,Pablo,Diaz,Pablo.Diaz10744@example.com,MX,2026-08-15,true
10745,Valentina,Cruz,Valentina.Cruz10745@example.com,ar,2026-08-04,true
10746,Julia,Vargas,Julia.Vargas10746@example.com,AR,2026-08-28,true
10747,BRUNO,martinez,Bruno.Martinez10747@example.com,PE,2026-08-22,true
10748,Mateo,Diaz,  Mateo.Diaz10748@example.com ,MX,2026-08-19,false
10749,Gabriel,Vega,GABRIEL.VEGA10749@EXAMPLE.COM,PE,2026-08-28,false
10750,Mateo,Ramirez,Mateo.Ramirez10750@example.com,CO,2026-08-09,false
10751,Ricardo,Rojas,Ricardo.Rojas10751@example.com,ES,2026-08-17,true
10752,ELENA,morales,Elena.Morales10752@example.com,US,2026-08-04,false
10753,Marta,Martinez,MARTA.MARTINEZ10753@EXAMPLE.COM,MX,2026-08-10,false
10754,Mateo,Navarro,Mateo.Navarro10754@example.com,US,2026-08-22,true
10755,Laura,Torres,Laura.Torres10755@example.com,mx,2026-08-14,false
10756,Mateo,Diaz,Mateo.Diaz10756@example.com,mx,2026-08-22,false
10757,Javier,Fuentes,Javier.Fuentes10757@example.com,AR,2026-08-04,false
10758,Andres,Herrera,Andres.Herrera10758@example.com,MX,2026-08-02,true
10759,Andres,Castro,Andres.Castro10759@example.com,ES,2026-08-01,false
10760,Valentina,Suarez,Valentina.Suarez10760@example.com,CL,2026-08-13,true
10761,Pablo,Gomez,PABLO.GOMEZ10761@EXAMPLE.COM,CL,2026-08-03,false
10762,Sofia,Campos,  Sofia.Campos10762@example.com ,CL,2026-08-28,true
10763,Laura,Fuentes,LAURA.FUENTES10763@EXAMPLE.COM,mx,2026-08-19,true
10764,Daniela,Lopez,DANIELA.LOPEZ10764@EXAMPLE.COM,CO,2026-08-25,false
10765,Diego,Vargas,Diego.Vargas10765@example.com,US,2026-08-03,false
10766,Felipe,Sanchez,FELIPE.SANCHEZ10766@EXAMPLE.COM,US,2026-08-24,false
10767,Paula,Campos,Paula.Campos10767@example.com,BR,2026-08-14,true
10768,Ricardo,Martinez,Ricardo.Martinez10768@example.com,BR,2026-08-07,true
10769,Isabella,Vargas,Isabella.Vargas10769@example.com,MX,2026-08-17,false
10770,Daniela,Cruz,Daniela.Cruz10770@example.com,US,2026-08-18,false
10771,Bruno,Navarro,Bruno.Navarro10771@example.com,pe,2026-08-15,true
10772,Valentina,Aguilar,Valentina.Aguilar10772@example.com,BR,2026-08-03,false
10773,Bruno,Reyes,Bruno.Reyes10773@example.com,US,2026-08-08,true
10774,Camila,Garcia,Camila.Garcia10774@example.com,US,2026-08-21,false
10775,Camila,Perez,CAMILA.PEREZ10775@EXAMPLE.COM,US,2026-08-21,false
10776,Gabriel,Cruz,GABRIEL.CRUZ10776@EXAMPLE.COM,CO,2026-08-03,false
10777,Nicolas,Fuentes,  Nicolas.Fuentes10777@example.com ,CL,2026-08-05,true
10778,Daniela,Aguilar,DANIELA.AGUILAR10778@EXAMPLE.COM,MX,2026-08-17,true
10779,Lucia,Martinez,LUCIA.MARTINEZ10779@EXAMPLE.COM,US,2026-08-13,false
10780,Gabriel,Ramirez,Gabriel.Ramirez10780@example.com,ES,2026-08-14,true
10781,Daniela,Rodriguez,Daniela.Rodriguez10781@example.com,MX,2026-08-22,true
10782,Isabella,Fuentes,ISABELLA.FUENTES10782@EXAMPLE.COM,CO,2026-08-21,false
10783,Tomas,Rodriguez,Tomas.Rodriguez10783@example.com,CO,2026-08-08,true
10784,Emma,Flores,Emma.Flores10784@example.com,BR,2026-08-08,false
10785,EMMA,garcia,Emma.Garcia10785@example.com,PE,2026-08-27,false
10786,Javier,Sanchez,JAVIER.SANCHEZ10786@EXAMPLE.COM,CO,2026-08-21,true
10787,Luis,Torres,Luis.Torres10787@example.com,PE,2026-08-27,true
10788,NICOLAS,fuentes,NICOLAS.FUENTES10788@EXAMPLE.COM,PE,2026-08-14,false
10789,Marta,Silva,  Marta.Silva10789@example.com ,ar,2026-08-21,true
10790,CARLA,gonzalez,Carla.Gonzalez10790@example.com,US,2026-08-08,true
10791,Elena,Suarez,ELENA.SUAREZ10791@EXAMPLE.COM,BR,2026-08-15,true
10792,Gabriel,Gonzalez,Gabriel.Gonzalez10792@example.com,US,2026-08-14,true
10793,EMMA,fuentes,Emma.Fuentes10793@example.com,cl,2026-08-18,false
10794,Carla,Ramirez,Carla.Ramirez10794@example.com,PE,2026-08-13,false
10795,TOMAS,torres,Tomas.Torres10795@example.com,US,2026-08-17,true
10796,Hugo,Vega,Hugo.Vega10796@example.com,MX,2026-08-28,false
10797,Isabella,Flores,Isabella.Flores10797@example.com,AR,2026-08-27,true
10798,Sebastian,Sanchez,Sebastian.Sanchez10798@example.com,CL,2026-08-20,true
10799,Lucas,Gomez,  Lucas.Gomez10799@example.com ,BR,2026-08-23,true
10800,Camila,Medina,Camila.Medina10800@example.com,cl,2026-08-02,true
